{"cameraMode":{"drawMode":0,"name":"Shaded","section":"Shading Mode"},"sceneLighting":false,"audioPlay":false,"sceneViewState":{"showFog":true,"showMaterialUpdate":false,"showSkybox":true,"showFlares":true,"showImageEffects":true,"showParticleSystems":true},"in2DMode":false,"pivot":{"x":31.604999542236329,"y":-0.07600700855255127,"z":38.24599838256836},"rotation":{"x":-0.03153996542096138,"y":0.9427810907363892,"z":-0.3185182511806488,"w":-0.09335514158010483},"size":0.5163440108299255,"orthographic":false}