{"cameraMode":{"drawMode":0,"name":"Shaded","section":"Shading Mode"},"sceneLighting":false,"audioPlay":false,"sceneViewState":{"showFog":true,"showMaterialUpdate":false,"showSkybox":true,"showFlares":true,"showImageEffects":true,"showParticleSystems":true},"in2DMode":false,"pivot":{"x":31.604999542236329,"y":-0.07600700855255127,"z":38.24599838256836},"rotation":{"x":0.007596532814204693,"y":0.9771994352340698,"z":-0.20919987559318543,"w":0.03548406437039375},"size":0.5163440108299255,"orthographic":false}