{"cameraMode":{"drawMode":0,"name":"Shaded","section":"Shading Mode"},"sceneLighting":false,"audioPlay":false,"sceneViewState":{"showFog":true,"showMaterialUpdate":false,"showSkybox":true,"showFlares":true,"showImageEffects":true,"showParticleSystems":true},"in2DMode":false,"pivot":{"x":51.349609375,"y":3.6884765625,"z":-2.380615234375},"rotation":{"x":0.24986781179904939,"y":0.7113768458366394,"z":-0.30572566390037539,"w":0.5814128518104553},"size":6.0174055099487309,"orthographic":true}