{"cameraMode":{"drawMode":0,"name":"Shaded","section":"Shading Mode"},"sceneLighting":false,"audioPlay":false,"sceneViewState":{"showFog":true,"showMaterialUpdate":false,"showSkybox":true,"showFlares":true,"showImageEffects":true,"showParticleSystems":true},"in2DMode":false,"pivot":{"x":46.81999969482422,"y":-2.359999895095825,"z":46.849998474121097},"rotation":{"x":-0.06167884171009064,"y":0.9277541041374207,"z":-0.1774640679359436,"w":-0.32245108485221865},"size":20.086977005004884,"orthographic":true}